station_no,station_name,lat,lon
15018,"Abbey St Bathans",55.85329633,-2.387448356
234150,"Aberlour",57.48021805,-3.205975095
14966,"Aberuchill",56.37078118,-4.019153819
14969,"Aberuthven",56.31968188,-3.658685969
322551,"Abington",55.48691533,-3.69056827
302205,"Aboyne",57.07726163,-2.771636889
115300,"Achfarry",58.31095839,-4.916337385
115301,"Affric Lodge",57.26272622,-5.005979754
133141,"Airyhemming",54.90049986,-4.839842855
234170,"Alford",57.24230294,-2.717123004
115302,"Allanfearn",57.49914747,-4.151564133
234151,"Allnabad",58.34717676,-4.644621014
368538,"Allt a' Ghlas-charnaich",57.70934072,-4.836082499
115304,"Allt Dearg House",57.28490502,-6.187008123
14954,"Almondbank",56.41527516,-3.51359839
535347,"Almondbank at Main Street",56.41717637,-3.516105507
14869,"Almondell",55.90181846,-3.463017734
234152,"Alness",57.69601068,-4.258760757
115500,"Amlaird",55.66964373,-4.413260863
115501,"Amod Farm",55.35009103,-5.717857841
115307,"Anaheilt",56.70184457,-5.57126135
15002,"Ancrum",55.51244139,-2.580776051
14888,"Anie",56.25788155,-4.285414699
336398,"Annan (Creca)",55.02782941,-3.222506029
15198,"Annfield",56.06640057,-3.371633207
234153,"Apigill",58.48007214,-4.207749187
300350,"Arabella Junction",57.75688278,-4.00651316
14922,"Arbroath",56.56723031,-2.588171626
336675,"ArbroathTidal",56.55550327,-2.583060469
234154,"Arcan Spillway",57.55332889,-4.550906092
602637,"Ardachu LF BH6",-3.87578253049072,58.0175636717473
234155,"Ardachy Bridge",57.12952381,-4.678200965
234157,"Ariundle",56.70722202,-5.556782552
115506,"Ashgrove",55.66308049,-4.757486092
372871,"Athelstaneford",55.9852479,-2.736326688
491811,"Auchdergannach",57.22063972,-3.651932222
133060,"Auchendrane",55.40997977,-4.627054661
133061,"Auchengeich",55.91939055,-4.114140851
15163,"Auchentroig",56.11221933,-4.342412217
14964,"Auchinner",56.31678388,-4.112254665
14952,"Auchnafree",56.47302976,-3.904678161
300348,"Auldearn Junction",57.58265875,-3.836662863
234161,"Avochie",57.50564634,-2.782377895
322556,"Avonbank",55.66347112,-4.051617294
15132,"Ayton Castle",55.84727645,-2.114611023
518147,"Badbea",57.86243941,-5.318746664
15103,"Baddinsgill Reservoir",55.7838821,-3.394584951
501947,"Baintown Rain-gauge",56.22101614,-3.042679056
14947,"Balbrogie",56.57225831,-3.240802881
14894,"Balfour Mains",56.1847332,-3.08157055
517412,"Balfron STW",56.06523441,-4.333343318
490985,"Balgray RG",55.73428872,-4.5878755
516803,"Ballachraggan",57.52824441,-3.451567365
14937,"Ballathie",56.5144141,-3.386963945
115509,"Ballindalloch Stables",56.06811229,-4.344619383
14938,"Balmacneil",56.63825013,-3.664198017
115202,"Balmedie STW",57.25007263,-2.0473803
14919,"Balmossie",56.48175497,-2.85166534
234163,"Balnaan",57.30214571,-3.699157201
206846,"Balnafoich",57.38787077,-4.188250573
133062,"Balnowlart",55.10717871,-4.968322113
374852,"Baluniefield",56.48264025,-2.905576117
15065,"Bankfoot",56.50262276,-3.516362582
14897,"Bannockburn",56.09528478,-3.911816854
460188,"Barbush Farm BH",55.03707178,-3.628736322
133063,"Barnaline Lodge",56.27473893,-5.278048706
133142,"Barsolus",54.8658531,-4.951330607
115512,"Barwhillanty",55.01443032,-3.99732547
499809,"Battledykes - Wardmill Farm",56.67359266,-2.895547661
133143,"Beattock",55.31167269,-3.456710814
327235,"Beltmoss",55.98678855,-4.056528766
511675,"Berneray Tide Gauge",57.714282,-7.169577693
368536,"Biggar Burn",55.65035093,-3.543765278
320371,"Birkie Hue",58.16554218,-6.740713858
115516,"Blackdyke Farm",55.52935031,-4.326283061
115203,"Blackhills No 2",57.61017023,-3.222796593
335578,"Blacklaw",57.58092196,-2.60024157
15060,"Blair Castle No 2",56.77396086,-3.85889024
115204,"Blairdaff",57.24844532,-2.505220497
15063,"Blairgowrie",56.60400027,-3.345448103
133064,"Blairston",55.79734306,-4.068305537
15116,"Blythe",55.7374816,-2.662263534
234167,"Boat o  Brig",57.55104115,-3.140387991
234168,"Boat of Garten",57.25078305,-3.746867237
115206,"Bogmore",57.00332694,-2.648213352
115207,"Bogmuchals",57.6130103,-2.7762484
533744,"Boleside",55.59164323,-2.798878774
14885,"Bonnybridge",56.00182143,-3.886990553
115518,"Boreland",55.20254702,-3.320073284
234334,"Borgie Bridge",58.49740038,-4.279784356
101227,"Bow Burn Raingauge",55.44068058,-4.49863386
15161,"Braco (Dunduff)",56.28192154,-3.904225732
115315,"Braeroy Lodge",56.98511362,-4.738585589
133065,"Braevallich",56.21639554,-5.296246434
133144,"Braidlie",55.26142915,-2.824951121
14917,"Brechin",56.72692276,-2.655900389
15058,"Brechin STW",56.72323226,-2.624054251
14889,"Bridge of Allan",56.15901974,-3.956367475
14971,"Bridge of Earn",56.3497307,-3.402582026
234172,"Bridge of Oich",57.09229844,-4.74425988
14887,"Bridge of Teith",56.18573476,-4.055574525
133145,"Bridgemuir",55.14632871,-3.428225271
133066,"Bridgend",55.94910632,-4.129006198
321630,"Brighouse Burn",54.78864247,-4.117404209
115521,"Brigton",55.03779638,-4.566314357
335609,"Broadside",56.02806207,-3.978158502
14987,"Brockhoperig",55.4061286,-3.211513384
234173,"Brodie",57.59244808,-3.708878989
15029,"Broxmouth",55.99077195,-2.48676507
234174,"Bruachrobie",58.0105569,-3.877565412
133146,"Brydekirk",55.02165102,-3.267726412
116009,"Buckie",57.68078962,-2.954125879
115523,"Burnfoot (Hawknest)",55.66513433,-3.895712474
368492,"Burrelton Burn",56.5211801,-3.294527587
335612,"Bush",55.86190844,-3.206554074
234176,"Cabrach",57.34816,-3.034565786
14977,"Cademuir",55.61926614,-3.244232636
523676,"Cairngorm Raingauge and Snow Scale",57.127702,-3.662955858
115526,"Caldercruix STW",55.88933558,-3.904553259
133069,"Calderpark",55.83754619,-4.10777909
14911,"Callander",56.2422863,-4.214924958
338380,"Cambo Sands",56.3008799,-2.650067453
234178,"Camisky",56.87846936,-5.046521526
490984,"Camphill WTW Raingauge",55.75032761,-4.74461262
14950,"Camusvrachan",56.60039168,-4.250199477
133070,"Candermill",55.70088757,-3.966908369
133148,"Canonbie",55.0662645,-2.946231369
306455,"Canonbie Raingauge",55.07786221,-2.942088127
133149,"Capenoch",55.22736754,-3.817044727
576753,"Capenoch Raingauge",55.22666817,-3.816934219
14936,"Caputh",56.53919737,-3.492942476
348952,"Carmyllie War Memorial Obs BH",56.57474711,-2.729419511
577951,"Carmyllie-Hume Farm",56.57464969,-2.741331877
320374,"Carron (Stonehaven)",56.96221164,-2.216208291
565197,"Carron upstream (Stonehaven)",56.96155865,-2.219756428
116042,"Castle Kennedy",54.90675279,-4.944931414
506142,"Castle O'er",55.22290808,-3.180030664
14908,"Castlehill Reservoir",56.2092222,-3.60889654
133071,"Catrine",55.50462561,-4.336590474
116013,"Caulkerbush",54.89874408,-3.672536736
507619,"Causer Crossroads",57.2649992764115,-3.64138230098117
541851,"Chapeltoun Gauging Station",55.6639264,-4.554890682
234183,"Charr",56.94084906,-2.619402267
15004,"Chesters",55.37862961,-2.589607681
335574,"Cheyne",56.97482596,-2.266470239
115534,"Clachan-Seil",56.30375755,-5.601429727
234184,"Clachnaharry",57.4905025,-4.263020458
116011,"Claggan",56.82151065,-5.088839432
499810,"Cleuchhead",56.94774412,-2.388756894
336370,"Cluanie Inn",57.15628843,-5.181590945
115318,"Coignafearn",57.23285188,-4.139289943
115319,"Coille Mhorgil",57.0643694,-5.134923813
15013,"Coldstream",55.64977661,-2.256597919
15126,"Coldstream Sewage Works",55.66440091,-2.226507154
14880,"Colinton",55.90575791,-3.262141625
14921,"Colliston",56.61000991,-2.637841019
552791,"Comer Farm",56.20150723,-4.60131038
525510,"Comiston Rain Gauge",55.91019401,-3.21598827
14951,"Comrie Bridge",56.61422921,-3.980864711
133072,"Condorrat",55.92951508,-4.019603678
234185,"Conon Bridge",57.5694305,-4.440534753
17064,"Cookston Deep",56.61914099,-3.077765295
234187,"Corpach",56.84179895,-5.123822546
472872,"Corrievuic",57.51349507,-5.001875565
115322,"Corrimony",57.33501743,-4.699729622
336434,"Corsock",55.05876816,-3.945715778
301400,"Coulter Reservoir",55.53306378,-3.52983359
975367,"Coupar Angus, Gilleroo",56.54878475,-3.27069639
5981,"Cowbridge",55.89709776,-3.05890347
14983,"Craig Douglas",55.5086,-3.1265
234189,"Craigard",57.06557358,-4.822135914
115541,"Craigdarroch",55.196659,-3.981943267
133073,"Craigend",55.86450249,-4.534803989
356326,"Craigendarroch",56.56990238,-5.749845756
513003,"Craigenlee Croft Raingauge",54.86294592,-5.075279664
4638,"Craigforth",56.1360998,-3.970218251
14956,"Craighall (Perth)",56.60905796,-3.347175751
14867,"Craigiehall",55.96313343,-3.338532726
7926,"Craigmill Burn Observation Borehole",56.51364342,-2.69215367
234190,"Creed Bridge",58.20454028,-6.424227928
15224,"Crichton",55.84509063,-2.988655721
520119,"Crieff",56.36081905,-3.847275886
533741,"Crimmonmogate",57.61852769,-1.928524204
492364,"Cromarty",57.6828141,-4.038547427
348956,"Crombie Country Park Obs BH",56.56228908,-2.777830007
323575,"Crows Nest LF BH W10",57.066862279911,-2.51134136683946
234191,"Culfork",57.18022427,-3.11016313
234192,"Cullen",57.68712295,-2.83323079
517599,"Cullochfairn raingauge",55.4554491546369,-3.9209535143948
498341,"Culloden Battlefield",57.47676464,-4.09126842
14965,"Cultybraggan",56.35972783,-4.001442447
115544,"Culzean Castle",55.35068095,-4.791520726
538826,"Cunninghamhead",55.64794589,-4.584018331
133151,"Dalbeattie",54.92987759,-3.840969588
115546,"Dalbeattie STW",54.92152642,-3.821987578
538510,"Dalblair",55.44485443,-4.151929697
133074,"Daldowie",55.82998694,-4.121948322
327232,"Daldowie STW",55.83262494,-4.122714806
133152,"Dalgig",55.38782272,-4.277163013
14967,"Dalginross",56.37511953,-3.978605821
14925,"Dalhousie Bridge",56.8021744,-2.67047775
341344,"Dall Rannoch No2",56.67767747,-4.302183742
205724,"Dallachy No 2",57.66404417,-3.071018416
327234,"Dalmarnock STW",55.8374507,-4.216965486
14873,"Dalmore",55.84190258,-3.195905294
14960,"Dalnamein",56.79925858,-4.053453634
116020,"Dalry",55.70198453,-4.716787117
115327,"Dalvina",58.36488646,-4.230503452
302120,"Dalwhinnie",56.94069555,-4.238639574
14912,"Damleys Cottage",56.22128534,-3.361631179
133153,"Dargall Lane",55.0785507,-4.428445527
115550,"Darvel Raingauge",55.61477498,-4.284064756
14946,"Dean Bridge",56.5988796,-3.153071161
341338,"Deanston RG",56.19223931,-4.077181451
14986,"Deephope",55.41241422,-3.141967218
365223,"Deerdykes Wood Deep Bedrock Borehole",57.39375416,-2.200145532
365222,"Deerdykes Wood Shallow Bedrock BH",57.3937898,-2.200328735
336852,"Delgaty",57.54745151,-2.401307706
234198,"Delnashaugh",57.39970792,-3.357845061
454765,"Derry Lodge",57.02065155,-3.58738853
335582,"Deskry Shiel",57.18037959,-2.983867766
115329,"Dingwall",57.59992025,-4.446997097
234330,"Dionard",58.49807306,-4.821196451
133077,"Dippen",55.58274848,-5.496523588
115217,"Dipple",57.61125291,-3.115476523
336517,"Dipple G",57.61186846,-3.121035659
234200,"Diriebught House",57.47804173,-4.207153032
115554,"Doonholm",55.42359077,-4.626552148
234202,"Dosmucheran",57.59587318,-5.005770119
133183,"Dow Craig",55.37721095,-4.306229017
133078,"Dreghorn",55.61141199,-4.619377401
464646,"Drum",56.18484641,-3.532323684
115556,"Drumgrain",55.81263002,-4.299507819
378644,"Drumine BH2 Brackley Junction West",57.53996233,-4.012984897
115557,"Drumjohn",55.24992466,-4.32205779
133154,"Drumlanrig",55.27462204,-3.799524299
377134,"Drummore of Cantray",57.48325079,-4.006176025
133080,"Dryfield",55.93891825,-4.182216743
14904,"Duchray",56.15649685,-4.468109175
554833,"Duchray Water",56.19275854,-4.564061145
15216,"Dunbar",56.00371307,-2.52752897
523237,"Dunblane Raingauge",56.1879233406661,-3.97480791123526
459910,"Duncow Deep Obs BH Dumfries",55.13399663,-3.626265673
459909,"Duncow Shallow Obs BH",55.13399663,-3.626265673
530175,"Dundreggan Rain Gauge",57.19161541,-4.767634199
115220,"Dunecht House",57.15982303,-2.413150255
15208,"Dunglass",55.94267446,-2.38288136
115558,"Dungrianach",56.55231051,-5.319559821
115559,"Dunlop",55.70737993,-4.528674906
509196,"Dunnottar Radio Station",56.94652496,-2.21202446
15180,"Dunnswood STW (Cumbernauld)",55.97221885,-3.954505606
234206,"Dunphail",57.51151031,-3.661788536
365257,"Dunstaffnage",56.45050242,-5.439870612
234207,"Durkadale",59.10852817,-3.232172832
568155,"Earlsburn reservoir RG",56.07055238,-4.07597911
14997,"Earlston",55.64075254,-2.691879301
133081,"Eas Daimh",56.40771881,-4.855886468
115560,"East Kilbride",55.75477386,-4.171759227
335659,"East Lathrisk Borehole",56.25925553,-3.157913027
14870,"East Linton",55.98249658,-2.657198972
379371,"Easter Balgedie Farm Obs BH Kinross",56.22105625,-3.337335332
371826,"Easter Langlee Landfill BH 08-03S",55.6210024840135,-2.77025869507769
234209,"Easter Turnaig",57.96185041,-4.700859639
15201,"Edinburgh RBG (Royal Botanic Garden)",55.96662337,-3.212310737
133083,"Eglinton Castle",55.64280886,-4.677656958
492363,"Einig Wood",57.94421601,-4.764511928
115562,"Eliock",55.34583036,-3.899113859
234210,"Ellon",57.36377128,-2.090017282
368495,"Elphin",58.05185192,-5.03101345
14905,"Elrig",56.15679797,-4.46563232
377135,"Erchless",57.42804453,-4.623845183
511674,"Eriskay Tide Gauge",57.07060705,-7.309059721
15100,"Eskdalemuir Observatory",55.31151326,-3.206798775
115221,"Esslemont House",57.36510966,-2.112363417
115563,"Ettrick Bay",55.85650223,-5.145834193
15017,"Eyemouth Mill",55.8651192,-2.095026904
525180,"Eyemouth Tide Gauge",55.87284359,-2.08638411
378262,"Faich Bhiorach",57.69020841,-5.660695458
133084,"Fairholm",55.74419908,-3.986819701
234215,"Fasnakyle",57.31811088,-4.799267396
14895,"Fauld Mill",56.11140757,-3.748668124
300349,"Feddan Junction",57.58762215,-3.726167556
234217,"Feshie Bridge",57.11889938,-3.901082854
133155,"Fiddlers Ford",55.09849668,-3.680572053
15151,"Fife Airport",56.1816502,-3.222449068
234218,"Firhall",57.57160708,-3.869783835
336233,"Fiskavaig",57.32000886,-6.434954871
115339,"Flichity",57.33128618,-4.221750189
336372,"Forehill",57.50635026,-1.843281987
15044,"Forfar STW",56.64119141,-2.909780321
234221,"Forres",57.60477145,-3.644084919
115340,"Forsinain",58.41100711,-3.873563607
14948,"Forter",56.76674681,-3.332205729
14970,"Forteviot Bridge",56.34759942,-3.548359476
534520,"Fortingall - Croftgarrow",56.593023140423,-4.0761125325504
15097,"Foss Mine",56.66693001,-3.931196097
14991,"Fountainhall",55.73663595,-2.905930746
115565,"Fourmerkland",55.1650788,-3.412506453
498342,"Foyers",57.26265002,-4.483020773
552790,"Frenich Farm",56.22694162,-4.56047225
133156,"Friars Carse",55.14868484,-3.690747738
133086,"Gaidrew",56.04809931,-4.434505213
559194,"Gairlochy",56.91442441,-4.991445495
115223,"Gairnshiel",57.09199509,-3.165582141
9683,"Galashiels",55.62706185,-2.827709454
14892,"Gargunnock",56.13266077,-4.070571402
301168,"Garls Craig",55.36599829,-3.616030256
464495,"Garrogie Lodge",57.17006125,-4.442843871
368014,"Garthdee",57.11882365,-2.124396574
15165,"Gartmore (Glenhead)",56.14359903,-4.384422431
234225,"Garve",57.61669586,-4.688028816
115568,"Gatelawbridge",55.25076797,-3.730683565
15051,"Gateside No 2",56.26981667,-3.320837992
14916,"Gella Bridge",56.77535832,-3.027929218
474984,"Gifford Rain Gauge",55.89043578,-2.768969478
15114,"Gilston",55.80025456,-2.883463821
133137,"Girvan Tide Gauge",55.24404201,-4.859673631
15204,"Gladhouse Reservoir",55.7784118,-3.117398754
17068,"Glamis Castle (Drift)",56.62728426,-3.017607865
17067,"Glamis Castle (Solid)",56.62727528,-3.017607623
17066,"Glamis Petrol Station",56.6054023,-3.002749238
581106,"Glassgreen",57.63198387,-3.296482414
335745,"Glen Ample",56.35457736,-4.269993694
115343,"Glen Nevis",56.79923208,-5.067543348
133087,"Glen Orchy",56.44657591,-4.852749436
133088,"Glen Strae",56.42522107,-5.000795867
368490,"Glenbreck",55.48202196,-3.477754728
115344,"Glendessary",56.98039082,-5.346337447
133089,"Glenfalloch",56.33773623,-4.717635246
83013,"Glenfield",55.60118281,-4.493559809
536846,"Glengavel Reservoir",55.59038124,-4.121595498
520118,"Glenkindie No 2",57.2173768986597,-2.95433487436206
133157,"Glenlochar",54.95554151,-3.979143444
327238,"Glenmavis",55.89359141,-4.013210328
234227,"Glenmeanie",57.53261438,-4.863772899
115225,"Glenmore Lodge No 2",57.16421784,-3.677609728
367371,"Glenmuick No2",56.95161175,-3.141253355
14891,"Glenochil",56.14364525,-3.839304837
464636,"Glenquey",56.20739317,-3.642080305
115226,"Glenrinnes Knowe",57.4052084,-3.184950902
15196,"Gogarbank",55.92834002,-3.342742573
14984,"Gordon Arms",55.51137227,-3.096406906
15138,"Gordon Hospital",55.68228917,-2.544391507
363624,"Gourock Tide Gauge",55.96030471,-4.814267835
234228,"Grange",57.54279921,-2.847774986
601515,"Granish Landfill BH GW2",57.2133539663088,-3.81396741135781
234229,"Grantown",57.32177064,-3.606725707
15015,"Grantshouse",55.88238352,-2.292035856
518372,"Graystone Bridge",56.0675405,-4.282616591
133158,"Green Burn",55.0828864,-4.381888551
115348,"Greenland",58.58319519,-3.296244677
327292,"Greenock",55.94370132,-4.723991358
133159,"Greensands",55.06942626,-3.617944341
336403,"Gretna (Douglas Tanks)",55.013004,-3.079745767
15210,"Gullane (Golf Course)",56.03443649,-2.836971165
14924,"Guthrie",56.64274771,-2.706028939
15226,"Haddington STW",55.96050923,-2.75022457
234231,"Halkirk",58.5154974,-3.493004244
133160,"Hall Bridge",55.39297897,-4.079109518
234232,"Halladale",58.47881083,-3.90301916
15105,"Hallmanor House",55.60307614,-3.255418017
133092,"Happendon",55.5801981,-3.816796943
335614,"Harelaw",55.91651494,-3.086776845
15131,"Harelaw Chirnside",55.81194693,-2.199504911
15200,"Harperrig",55.83652095,-3.435270947
335640,"Hatton (Perth)",56.52513594,-2.648539891
115227,"Hatton No 2",57.42757524,-1.909678484
234235,"Haughton",57.27134676,-2.404963889
15001,"Hawick",55.43447121,-2.756965079
15121,"Hawick Sewage Works",55.43132729,-2.772596975
133093,"Hawkhead",55.83606531,-4.398537371
133094,"Hazelbank",55.68735585,-3.854153414
115582,"Hazelwood Cottage",56.26715284,-5.494662553
14886,"Headswood",56.01500087,-3.875456793
8402,"Hermitage",56.5609809,-3.607201681
234237,"Heugh Head",57.02524569,-2.517160888
15166,"High Corrie (Gartmore)",56.1262023,-4.446294544
300351,"Hill of Fearn farm",57.76516209,-3.936363039
133096,"Hoodston Bridge",55.60122684,-4.428249956
559081,"Hottsbridge",55.09041993,-3.167804617
322555,"Howard Park",55.60465827,-4.499004047
15127,"Hungry Snout 2 (Whiteadder Reservoir)",55.86194126,-2.539680781
469625,"Hunterston Terminal",55.74447583,-4.86116797
369548,"Huntly GS",57.45498575,-2.807560217
15020,"Hutton Castle",55.7889,-2.1917
115584,"Hydro Gardens Moffat",55.34214596,-3.452988353
115353,"Inchnadamph No 2",58.1536532,-4.979030308
115354,"Inchvuilt",57.40830735,-4.957620811
115585,"Ingleston Farm",54.81170556,-4.166358356
14981,"Innerleithen",55.61992749,-3.061056074
115229,"Insch No 2",57.34247484,-2.616879972
336367,"Inshes",57.45203372,-4.184715941
234240,"Inveran",57.94318903,-4.410383325
234241,"Inverbervie",56.85144056,-2.286119413
234242,"Inverbroom",57.81047099,-5.058237756
115356,"Inverewe Garden",57.77399694,-5.596995718
115230,"Inverey",56.98569953,-3.500915775
234243,"Invergairn",57.05992614,-3.069535364
371579,"Inveriscandye",56.79987798,-2.626620926
535718,"Inverlaidnan Bridge",57.26705143,-3.883273172
133097,"Inverlochy",56.40496092,-4.923669812
14926,"Invermark",56.91121364,-2.914811966
234247,"Invermuick",57.03951544,-3.049304978
354624,"Inveroykel Bailey Bridge",57.97362007,-4.604090887
234248,"Invertruim",57.04053804,-4.164639706
234249,"Inverugie",57.52669115,-1.832792272
115588,"Inveruglas",56.2473573,-4.71287133
367365,"Inverurie",57.2583172,-2.362253256
335641,"Inzion",56.68930326,-3.177597556
115589,"Irvine Gailes",55.58754361,-4.663320263
327231,"Irvine Waterside",55.61682305,-4.674740715
341495,"Ivy Bridge",57.31837309,-4.497591991
15006,"Jedburgh",55.48529122,-2.54668704
541725,"Jedburgh Castle",55.47029248,-2.557045815
559082,"Johnstonehall",55.06482387,-3.221128314
367360,"Keith",57.55084994,-2.952079018
532820,"Kelly Den - Arbilot",56.55248062,-2.640451372
14929,"Kemback",56.3309034,-2.948442952
8295,"Kenmore",56.59638815,-3.985061725
234251,"Kerrow Wood",57.34937628,-4.736427892
494257,"Kilbirnie",55.75642821,-4.685378197
133099,"Killermont",55.90623638,-4.307622592
341380,"Killermont Raingauge",55.91108458,-4.305014408
14958,"Killiecrankie",56.75025399,-3.79910265
234252,"Killilan",57.31881832,-5.424835603
14933,"Killin",56.45816211,-4.331876561
234253,"Kilphedir",58.14138911,-3.702814019
15211,"Kilspindie",56.01342344,-2.874113551
133101,"Kilwinning",55.64563956,-4.692060096
14890,"Kinbuck",56.2255551,-3.949530685
234254,"Kincraig",57.12680642,-3.92521234
14955,"Kindrogan",56.74926972,-3.544931301
494728,"Kingairloch Tide Gauge",56.61619985,-5.503025816
473550,"Kinghorn Ecology Centre Rain Gauge",56.07462319,-3.193432968
14972,"Kingledores",55.54240926,-3.413947163
15062,"Kingsbarns",56.31015343,-2.664998475
503411,"Kingston Tide Gauge",57.67317185,-3.108441404
14968,"Kinkell Bridge",56.33018709,-3.726992915
471362,"Kinlochewe Lodge",57.60438272,-5.291673059
115596,"Kinmount House",55.01095443,-3.351411196
234257,"Kinrara",57.15134199,-3.85017621
14903,"Kinross",56.19853589,-3.422943515
335617,"Kirkcaldy",56.11765342,-3.147961765
115598,"Kirkcowan",54.91691338,-4.612059475
506171,"Kirkcudbright Bay Tide Gauge",54.79470544,-4.06235608
504458,"Kirkcudbright Raingauge",54.84543419,-4.038511682
124855,"Kirkfieldbank",55.67631471,-3.803247871
133102,"Kirkmuirhill",55.66506695,-3.893674093
116005,"Kirkton Burn",56.36683432,-4.377397065
14923,"Kirkton Mill",56.63544717,-2.564584008
348944,"Kirkton Mill Drift Obs BH",56.63549217,-2.564568378
463690,"Kirktown of Fetteresso",56.96107386,-2.24381097
515885,"Kirkwall",58.98622363,-2.949352863
536545,"Kirkwall Tide Gauge",58.98544269,-2.960257953
361048,"Kirriemuir STW",56.65983513,-2.999773468
115599,"Kirriereoch",55.15077902,-4.571934377
115363,"Knockanrock",58.03118174,-5.07294078
379369,"Knowehead shallow obs BH Freuchie",56.2499251,-3.165039093
14458,"Knowhead",56.24966295,-3.166160852
368486,"Ladyflat Farm",55.75636712,-2.369501202
115600,"Lagafater Lodge",55.04328363,-4.913741812
396186,"Lagganbeg",56.05128388,-4.52729393
115602,"Lanark B",55.67954261,-3.784692222
115603,"Lanark STW",55.67436394,-3.795938206
133103,"Langholm A",55.46679973,-4.362070221
506155,"Langholm Bridge",55.1521906,-3.000489189
354621,"Langwell Lodge",57.9748238,-5.100589967
14902,"Lathro",56.2213192,-3.42872292
14996,"Lauder (New Mills)",55.73932168,-2.755976423
356217,"Laxdale",57.86865846,-6.893581696
234260,"Laxford Bridge",58.37221983,-4.991457712
412495,"Lecht Weather Station",57.19821668,-3.25888009
133104,"Lennox Castle",55.98029455,-4.220982816
14874,"Lennoxlove",55.93584934,-2.784195821
133105,"Letham",55.76643914,-4.284272139
338381,"Letham Grange",56.60403394,-2.609495534
234262,"Levishie",57.22003826,-4.647834071
335979,"Lewis-Carishader",58.19291025,-6.941762701
14876,"Liberton",55.92458009,-3.165787507
542772,"Limmerhaugh",55.51674252,-4.189197017
14990,"Lindean",55.57486097,-2.816174621
133106,"Lingerton",56.01244753,-5.422443562
368493,"Links Farm",56.53282434,-3.339459645
133107,"Linnbrane",55.98877125,-4.57598193
234264,"Little Assynt",58.17438109,-5.152302768
234265,"Littlemill",57.04544067,-3.118285636
474477,"Loakmill No 2",56.49180756,-3.508004624
356328,"Loch A Bhraoin",57.72829261,-5.098319842
354613,"Loch Ailsh Level",58.04827715,-4.855312073
554837,"Loch Ard",56.18379617,-4.422949664
473090,"Loch Beannacharain",57.5217999,-4.95927599
133163,"Loch Dee Outlet",55.08809918,-4.386053697
115368,"Loch Droma",57.73309629,-4.936434641
234267,"Loch Flemington",57.54236344,-3.993033026
14910,"Loch Katrine",56.22701614,-4.43624573
477620,"Loch Leven Sluices",56.17937821,-3.335224928
473675,"Loch Maree",57.6695583,-5.447154185
234268,"Loch Naver",58.28571328,-4.389718176
115369,"Loch Of Hundland",59.11205747,-3.229365594
485489,"Loch Restil",56.23604254,-4.853369348
354622,"Loch Tormasad",57.56195723,-7.316740973
579464,"Loch Vaa",57.23627646,-3.803196316
14898,"Loch Venachar",56.23425763,-4.25686637
458798,"Lochboisdale",57.15462713,-7.31655462
115370,"Lochcarron",57.40008827,-5.494920778
115371,"Lochindorb Level",57.39798722,-3.714675739
336847,"Lochindorb North",57.41478835,-3.691385645
336419,"Lochmaben",55.13661823,-3.462704212
509677,"Lochwinnoch",55.78853152,-4.618943233
567430,"Logie Bridge",57.49449251,-3.736619229
14927,"Logie Mill",56.7668773,-2.493365398
133760,"Longbridgemuir Farm",55.00586713,-3.455079486
473167,"Lossiemouth",57.71918475,-3.323337879
115611,"Low Creoch",54.90352684,-4.18922643
133167,"Low Malzie",54.85901864,-4.522077924
115612,"Lower Black Laggan",55.07053305,-4.398510409
115374,"Lower Diabaig",57.57896957,-5.691679137
116006,"Lower Monachyle",56.37472206,-4.4712587
14865,"Luffness",56.02022484,-2.821888561
17156,"Luffness Borehole",56.01180479,-2.835423016
115376,"Luib",57.5445048,-5.123945869
327237,"Lukeston",55.98447497,-4.240765022
14940,"Luncarty",56.46394135,-3.477636063
133108,"Luss",56.10033657,-4.644123033
129558,"Luss Raingauge",56.09892116,-4.638863963
14928,"Luther Bridge",56.7936908,-2.55997015
14973,"Lyne Ford",55.64466586,-3.263056512
14974,"Lyne Station",55.64733183,-3.25808918
769215,"Lyth No.2",58.54946077,-3.20660814
133110,"Maidencots",55.51579546,-3.695370189
133111,"Mainholm",55.46104476,-4.592546164
348936,"Mains of Balgavies Deep sst Obs BH",56.65231898,-2.761840366
348939,"Mains of Balgavies Shallow Sst Bedrock B",56.65229203,-2.761839822
234274,"Mar Lodge",56.98804049,-3.486197825
14959,"Marble Lodge",56.82242289,-3.816539353
14976,"March Street",55.6553291,-3.19057537
459908,"Maryfield Shallow Obs BH",55.08650073,-3.664713902
340431,"Maverston Farm BH3",57.6566082,-3.169188924
115616,"Meadowfoot",55.40534471,-3.799886702
356327,"Meikle Kinord",57.07826247,-2.921345756
15066,"Meikle Tombane",56.541982,-3.712440434
504722,"Meikleholm Bridge",55.36209214,-3.462380402
115617,"Merton Bank Lochmaben",55.13494009,-3.439865821
14945,"Mill Bank",56.54503404,-3.333677733
354623,"Mill Croft",57.2886568,-7.368331541
205209,"Mill Of Gavel",57.55561687,-2.009109628
368494,"Mill of Keithfield",57.39549598,-2.268170959
365228,"Mill of Keithfield BH",57.3950635,-2.268783395
234277,"Mill of Tore",57.33389585,-4.575831167
133112,"Milliken Park",55.82523457,-4.537788828
115618,"Millport",55.74955539,-4.907441406
133113,"Milngavie",55.93341456,-4.309062631
14907,"Milton",56.18112306,-4.412580797
15080,"Milton of Abercairny",56.38855693,-3.780451706
133114,"Milton of Campsie",55.95994689,-4.153697207
494729,"Milton of Evelix TBR",57.89128749,-4.084164503
234279,"Minmore",57.34451357,-3.328222906
338429,"Minnigaff",54.9588823,-4.471659058
133168,"Minnoch Bridge",55.03887143,-4.563503023
14949,"Moar",56.57276553,-4.388958153
115235,"Mongour",57.00199506,-2.388582046
15078,"Montrose",56.69908575,-2.491155025
133115,"Monyquil Farm",55.56419458,-5.271931931
557502,"Morebattle - The Steading",55.513011442837,-2.37190367971812
133169,"Mossknowe",55.01280562,-3.119586538
15022,"Mouthbridge",55.77012815,-2.279193263
234284,"Moy Bridge",57.55657789,-4.539965573
115621,"Mugdock Country Park",55.97229231,-4.331124308
115380,"Muir of Ord No 2",57.51661685,-4.461986958
234286,"Muiresk",57.53766592,-2.493533301
115622,"Muirkirk STW",55.51335703,-4.096604222
490986,"Muirshiel RG",55.84918458,-4.742664896
115236,"Mulben",57.52490671,-3.101199589
372859,"Murray Burn",55.91287677,-3.317681386
14868,"Murrayfield",55.94563152,-3.237786767
335650,"Murton",56.65077608,-2.823539396
348935,"Murton Nature Reserve Observation BH",56.64902313,-2.829111283
635,"Musselburgh",55.93950941,-3.060909073
341339,"Musselburgh Tidal",55.94722512,-3.048630228
335651,"Mylnefield",56.46017678,-3.075838089
341224,"Nairn Dunbar Golf Course",57.59406094,-3.842759406
234287,"Ness-side",57.4545366,-4.259846808
335803,"Nether Borlum",57.46312383,-3.340191584
234289,"New Kelso",57.42953514,-5.429999168
336526,"Newbridge",55.0929593,-3.644453696
133170,"Newcastleton",55.17647238,-2.81316152
234290,"Newhall Bridge",57.65781737,-4.17662641
14882,"Newliston",55.9429625,-3.420216359
133117,"Newmilns",55.60610732,-4.331033075
14914,"Newport",56.43741936,-2.94561274
14953,"Newton Bridge",56.4611514,-3.799234379
15083,"Newton of Falkland",56.25431474,-3.186268594
14419,"Newton of Falkland Borehole",56.25379438,-3.186187933
133171,"Newton Stewart",54.95726338,-4.480525846
115627,"Newtonairds",55.10134134,-3.742902191
15118,"Newtown Sewage Works",55.57727007,-2.662608647
335797,"Nigg Headworks",57.13140193,-2.061103972
9514,"Norham",55.72229365,-2.163435109
335621,"North Berwick (Kingston)",56.03149667,-2.734270572
336228,"North Voxter",60.03840774,-1.219227437
14909,"Nungate",55.95402395,-2.771735305
15215,"Nunraw Abbey",55.92185875,-2.653499917
490749,"Oban Tidal",56.41160383,-5.480662403
367364,"Old Mill of Newton",57.35801578,-2.577016947
115385,"Old Town Ardgay",57.87370804,-4.369676162
335978,"Ord",57.15038733,-5.939815958
15007,"Ormiston Mill",55.54491924,-2.473314492
133118,"Overlee",55.78987786,-4.266853356
133119,"Oxgang",55.9354055,-4.13808503
234291,"Park",57.075424,-2.335825098
234292,"Parkhill",57.21832146,-2.187586406
14979,"Peebles",55.64758358,-3.180313467
335375,"Penwhapple Reservoir",55.23585144,-4.747897404
10048,"Perth",56.41191473,-3.434206313
341345,"Perth Norwich Union",56.38611935,-3.464092253
336365,"Peter s Bridge",57.59839179,-4.428885478
14985,"Philiphaugh",55.53980549,-2.890068293
115632,"Picketlaw Reservoir",55.73611493,-4.281846657
234293,"Pitcaple",57.32351879,-2.464869508
14963,"Pitlochry",56.69656771,-3.720794881
14935,"Pitnacree",56.66006824,-3.756901303
486057,"Pluscarden Abbey",57.59946107,-3.433170424
234294,"Polhollick",57.05514629,-3.083180673
234295,"Polloch",56.75844885,-5.613663683
14884,"Polmonthill",55.99837265,-3.681998769
15187,"Polmonthill STW",55.99776804,-3.680208641
234296,"Poolewe",57.76144201,-5.599076889
335977,"Port Henderson",57.69574193,-5.777276479
115633,"Port William",54.76282686,-4.582967298
115634,"Portling",54.87093795,-3.744601282
15149,"Portmoak",56.19239436,-3.334726298
15213,"Prestonpans (Burnside)",55.95872741,-2.978593276
344764,"Prestwick",55.50523784,-4.610940702
365224,"Prop of Ythsie Borehole",57.37044329,-2.2006336
14915,"Prosen Bridge",56.71469976,-2.988763564
335575,"Quarry Head",57.63465034,-2.025944065
115387,"Quidnish",57.78007744,-6.897394589
517413,"Quinloch Bridge",56.00926669,-4.375847831
115638,"Quinloch Farm",56.0079586,-4.377500029
133763,"Racks Moss Deep",55.03991121,-3.520429847
15128,"Rawburn Filters",55.79952646,-2.515607789
234297,"Red Bridge",57.45461034,-4.494575811
336427,"Redbank",55.05197584,-3.617725701
234298,"Redcraig",57.42475756,-2.802015318
17069,"Redford",56.65338817,-2.94996964
133175,"Redhall",55.16743102,-3.450205295
133122,"Redlees",55.81909284,-4.108983791
365226,"Redmoss Oldtown BH",57.38006252,-2.292871618
379368,"Reedieleys Farm Obs BH Dunshalt",56.28477684,-3.223816418
554836,"Renagour Bridge",56.17693404,-4.418601789
133138,"Renfrew Tide Gauge",55.88537088,-4.382885201
455747,"Resallach",58.06311294,-5.015502465
485490,"Rest and be Thankful",56.22216848,-4.859016846
115390,"Rhian Bridge",58.11499626,-4.439159665
336217,"Rhiconich",58.42139172,-4.991227379
356990,"Rhidorroch",57.90929699,-5.117024011
335798,"Rhynie",57.33512153,-2.830209837
368013,"RhynieGS",57.3317252,-2.828953912
133123,"Robstone",55.25880544,-4.807721027
234300,"Rosehall",57.98210062,-4.586149187
331473,"Roseisle Maltings",57.66877427,-3.472586537
133124,"Ross Priory",56.05257642,-4.55746111
15070,"Rossie Farm",56.29912602,-3.202717904
133139,"Rothesay Tide Gauge",55.83882721,-5.052449446
115239,"Rothienorman",57.40900118,-2.466784574
133176,"Rowanburnfoot",55.07463868,-2.918221754
581105,"Royal Brackla Lade",57.55531817,-3.887903021
133177,"Rusko",54.90579321,-4.197617244
15155,"Saline",56.12224003,-3.585958925
15223,"Samuelston",55.9302059,-2.824222817
115645,"Saughall",55.60098751,-4.226431521
347562,"Scardroy No3",57.51892459,-4.985935657
335655,"Scotlandwell",56.19992436,-3.306941917
115240,"Scotsmill 3",57.67727732,-2.654616861
335201,"Scottish Seafarms BH2",57.46178266,-4.486777359
601518,"Seater LF BH GMP24",58.5230641386388,-3.30030961308379
574971,"Seilich Dam",56.96866496,-4.035393912
15113,"Selkirk (Toft House)",55.54658876,-2.845812576
234305,"Sgodachail",57.89327664,-4.546976399
234306,"Shenachie",57.37739614,-3.954996467
234307,"Sheriffmills",57.64636934,-3.351933142
133125,"Shewalton",55.59709275,-4.627788758
234310,"Shielfoot",56.76454538,-5.820892452
337108,"Shielsknowe",NaN,NaN
14975,"Shiplaw",55.72796917,-3.207291434
494255,"Shotts WWTW",55.81395203,-3.811987501
601657,"Sighthill Monitoring BH GRO101",55.873265403247,-4.24373655389965
601658,"Sighthill Monitoring BH Z1_ROT_604",55.8735147875958,-4.23348806063428
133126,"Sills of Clyde",55.66312399,-3.70505823
234313,"Skeabost",57.45437017,-6.311235369
464630,"Slamannan",55.94205217,-3.832217321
234314,"Sluggan",57.27399763,-3.875997348
115647,"Solwaybank",55.08629786,-3.086937218
115648,"Sorbie",54.79252816,-4.42628864
15098,"South Drumdowie No 2",56.30034834,-3.837277041
115649,"South Moorhouse",55.73251416,-4.350287842
234315,"Spey Dam",57.01121062,-4.336367491
133128,"Spiers Bridge",55.80186787,-4.32218584
14871,"Spilmersford",55.9100322,-2.871497598
15214,"Spott (Halls)",55.94697067,-2.55878051
15012,"Sprouston",55.61103047,-2.395690658
14930,"St Michaels",56.3903691,-2.908114188
335620,"St Monance",56.2047855,-2.78271364
532968,"Sterling Mills Gauging Station",56.14812902,-3.738809826
536844,"Stewarton",55.72543649,-4.445306033
345032,"Stobs Castle",55.38179195,-2.780516606
369551,"Stonyford",56.84214794,-2.811870347
557485,"Stranraer Tide Gauge",54.90622876,-5.029804979
344550,"Strathain BH1 LF",57.918039205956,-5.17120472624761
115651,"Strathclyde Park",55.80192931,-4.049896521
300383,"Strathkelvin House",55.94300475,-4.172710018
11368,"Strathkinness",56.33136897,-2.863918962
14931,"Strathmiglo",56.27758355,-3.253078016
379370,"Strathmiglo Obs BH Strathmiglo",56.27752654,-3.258696644
234316,"Strathpeffer",57.59297854,-4.523041423
234319,"Strathy Bridge",58.55872143,-4.002604762
15172,"Strathyre",56.32054504,-4.328975608
536544,"Stromness Tide Gauge",58.96195697,-3.297046663
361047,"Strowan",56.36918493,-3.92115763
234321,"Struy",57.42569662,-4.682400374
51893,"Swanston Raingauge",55.9003031857556,-3.2130238090888
15125,"Swinton",55.71865343,-2.266680155
14918,"Tannadice",56.7088965,-2.857771833
116037,"Tarbert Tidal",55.8645479,-5.411186791
511327,"Tarland WWTP",57.12504883,-2.851450464
234324,"Tarroul",58.47619579,-3.267060495
14999,"Teviothead",55.34222734,-2.936481216
115244,"The Lecht",57.20200168,-3.249607166
15158,"Tillicoultry",56.148819,-3.7458095
115654,"Tobermory",56.62026156,-6.080645248
337079,"Toldrie",56.26660364,-2.675318166
564863,"Tomatin No2",57.33816398,-4.013360208
15190,"Torduff",55.8968016,-3.267160193
115655,"Torhouse Mill",54.86683114,-4.495509107
115404,"Torridon",57.54431959,-5.506983484
234326,"Torwinny",57.52198313,-3.446843553
323188,"Townfoot (Glencaple)",54.99473579,-3.568993615
234327,"Tromie Bridge",57.0717185,-3.998638147
115247,"Tulchan",57.39918687,-3.44381882
133130,"Tulliford Mill",55.64374172,-3.75902119
14883,"Turnhouse",55.94528452,-3.345442654
506153,"Unthank Bridge",55.24336243,-2.967499315
506152,"Unthank Raingauge",55.24281443,-2.964073002
115657,"Upper Black Laggan",55.06299005,-4.387612866
116007,"Upper Monachyle",56.39271229,-4.463706898
115406,"Urquhart",57.59399199,-4.374371661
133131,"Victoria Bridge",56.53983375,-4.813560642
15101,"Victoria Lodge",55.4925265,-3.414675883
234331,"Wardend Bridge",57.58239454,-3.608335401
133178,"Waterhead",55.37439338,-4.304549757
133133,"Waterside",55.77868352,-4.240656047
459911,"Waterside Farm Obs BH",55.04847338,-3.640359968
369554,"Waterside Perth",56.89929851,-2.820760629
115660,"Waulkmill Glen",55.79484353,-4.353627607
116008,"Weisdale Mill",60.2593269,-1.288604022
368491,"Wellsies Burn",56.52284051,-3.293836481
133135,"Wellwood",55.5109582,-4.123670365
115409,"West Sandwick Yell",60.58602053,-1.179039039
525685,"Wester Arboll BH",57.8099688369647,-3.89340149141287
14944,"Wester Cardean",56.60590455,-3.151232647
15049,"Westhall",56.32099028,-3.082510265
115250,"Westhill",57.14756943,-2.291989375
15169,"Westwood Farm Lane",56.12907309,-4.013078635
502896,"Wheeb Bridge",55.09004091,-4.661771619
14881,"Whitburn",55.87157334,-3.682936938
355980,"White Bridge",57.33362742,-4.673089381
502874,"White Clauchrie",55.1412921,-4.677220867
133180,"White Laggan",55.07382387,-4.401198238
133181,"Whitesands",55.06536955,-3.610749368
15067,"Wolfhill",56.48512657,-3.370467732
234333,"Woodend",57.0501291,-2.603567118
133182,"Woodfoot",55.29395422,-3.41903487